USE fiesta;

-- USERS
DELETE FROM users;

insert into users (id, googleid, username, nickname, avatar, bio, email, phone, rating, createdAt, updatedAt) values (1, '1GgKGCp4ii7ofmFTo6uiLqBQtPPg9VXwkK', 'Hamel Ottey', 'hottey0', 'https://robohash.org/velvoluptatenostrum.bmp?size=50x50&set=set1', 'Odeon', 'hottey0@unc.edu', '519-250-3183', 5, NOW(), NOW());
insert into users (id, googleid, username, nickname, avatar, bio, email, phone, rating, createdAt, updatedAt) values (2, '1ChwSLtbcxLMtHAb3Vprv2m4mjsduNvxSA', 'Murial Port', 'mport1', 'https://robohash.org/autemametut.png?size=50x50&set=set1', 'Company Set-up', 'mport1@slate.com', '520-647-2957', 3, NOW(), NOW());
insert into users (id, googleid, username, nickname, avatar, bio, email, phone, rating, createdAt, updatedAt) values (3, '1JjK8bBTcvGDYApeMzjsLMjx1tgDyEquRF', 'Candace Healey', 'chealey2', 'https://robohash.org/nemosedcumque.bmp?size=50x50&set=set1', 'KOL Management', 'chealey2@epa.gov', '456-716-2147', 4, NOW(), NOW());
insert into users (id, googleid, username, nickname, avatar, bio, email, phone, rating, createdAt, updatedAt) values (4, '1F5xndLbbThBqYCbS6emG6XWpSh13evgie', 'Arty Wanklin', 'awanklin3', 'https://robohash.org/quiaquiducimus.bmp?size=50x50&set=set1', 'UltraTax', 'awanklin3@google.ca', '719-180-4961', 5, NOW(), NOW());
insert into users (id, googleid, username, nickname, avatar, bio, email, phone, rating, createdAt, updatedAt) values (5, '1GhAZiFze9bvq5WtQq2UJvppdr5XAcMHH7', 'Torrance Shouler', 'tshouler4', 'https://robohash.org/omnissedvoluptates.bmp?size=50x50&set=set1', 'VCM', 'tshouler4@merriam-webster.com', '346-777-8019', 3, NOW(), NOW());
insert into users (id, googleid, username, nickname, avatar, bio, email, phone, rating, createdAt, updatedAt) values (6, '134gSTbUku1rXkrhkXFN39NjV3XsCSyXYK', 'Antonella Cardoo', 'acardoo5', 'https://robohash.org/quasarchitectoreprehenderit.png?size=50x50&set=set1', 'Academic Advising', 'acardoo5@ning.com', '999-647-7008', 2, NOW(), NOW());
insert into users (id, googleid, username, nickname, avatar, bio, email, phone, rating, createdAt, updatedAt) values (7, '1ChtFnZstBQBrLhTvigw4cQWUHyArerP4M', 'Desi Abella', 'dabella6', 'https://robohash.org/iddolorumdolores.bmp?size=50x50&set=set1', 'AutoCAD', 'dabella6@de.vu', '334-807-0044', 2, NOW(), NOW());
insert into users (id, googleid, username, nickname, avatar, bio, email, phone, rating, createdAt, updatedAt) values (8, '1F38MqY7m1JRFsbkKPP97fKuiMKfYSnMxu', 'Darby Axby', 'daxby7', 'https://robohash.org/sitvoluptasvel.png?size=50x50&set=set1', 'SMO', 'daxby7@cargocollective.com', '908-516-9655', 5, NOW(), NOW());
insert into users (id, googleid, username, nickname, avatar, bio, email, phone, rating, createdAt, updatedAt) values (9, '17Nd5keBd59DuEU9etv41wERuZi5rjPbtd', 'Karylin Forder', 'kforder8', 'https://robohash.org/mollitiafugiatconsequatur.png?size=50x50&set=set1', 'ERISA', 'kforder8@house.gov', '625-118-9919', 5, NOW(), NOW());
insert into users (id, googleid, username, nickname, avatar, bio, email, phone, rating, createdAt, updatedAt) values (10, '1BqMt9vxjxTGc8bRE9AfzH4HMr5Y2a4vQw', 'Gabriel Ringham', 'gringham9', 'https://robohash.org/animiquamlaborum.png?size=50x50&set=set1', 'FDQM', 'gringham9@slashdot.org', '768-771-3456', 1, NOW(), NOW());
insert into users (id, googleid, username, nickname, avatar, bio, email, phone, rating, createdAt, updatedAt) values (11, '18fCWNWkCkCMNnKw5wctBYXw1d3vPtCiqR', 'Lukas Allgood', 'lallgooda', 'https://robohash.org/nonnumquamnobis.png?size=50x50&set=set1', 'IAX', 'lallgooda@a8.net', '487-846-2081', 3, NOW(), NOW());
insert into users (id, googleid, username, nickname, avatar, bio, email, phone, rating, createdAt, updatedAt) values (12, '19cz3epBkMxJvPyY755LBVbwUDcbx1BDkU', 'Karlis Waith', 'kwaithb', 'https://robohash.org/recusandaeprovidentdolore.jpg?size=50x50&set=set1', 'DITA XML', 'kwaithb@canalblog.com', '507-943-8633', 2, NOW(), NOW());
insert into users (id, googleid, username, nickname, avatar, bio, email, phone, rating, createdAt, updatedAt) values (13, '18bNTJDgutbwj4a3fBZLuh7JYvuY2srYuM', 'Colby Keat', 'ckeatc', 'https://robohash.org/eosveniamcumque.jpg?size=50x50&set=set1', 'DV Cleared', 'ckeatc@sourceforge.net', '911-830-0285', 4, NOW(), NOW());
insert into users (id, googleid, username, nickname, avatar, bio, email, phone, rating, createdAt, updatedAt) values (14, '14nQppxrbs7WCbS4tipFobnGSU1QGNf55W', 'Tremayne MacCaughen', 'tmaccaughend', 'https://robohash.org/sintvoluptasdoloremque.jpg?size=50x50&set=set1', 'Fitness', 'tmaccaughend@answers.com', '131-726-8631', 4, NOW(), NOW());
insert into users (id, googleid, username, nickname, avatar, bio, email, phone, rating, createdAt, updatedAt) values (15, '1P7JXrhvBTgZFPf6cvdmUXsT5CqvbHb2Gt', 'Hervey Kernermann', 'hkernermanne', 'https://robohash.org/doloremquiaet.png?size=50x50&set=set1', 'PVTsim', 'hkernermanne@nature.com', '871-469-6628', 3, NOW(), NOW());
insert into users (id, googleid, username, nickname, avatar, bio, email, phone, rating, createdAt, updatedAt) values (16, '16RvsWcGUv6BrWVXHN1GGNvy3oWSz2LUr5', 'Skell Guirardin', 'sguirardinf', 'https://robohash.org/doloressuscipitodit.bmp?size=50x50&set=set1', 'Lytec', 'sguirardinf@hexun.com', '827-634-9454', 4, NOW(), NOW());
insert into users (id, googleid, username, nickname, avatar, bio, email, phone, rating, createdAt, updatedAt) values (17, '1JhdUPmFNq2qe6WDSFfXZdYjxKAy2Xx5gp', 'Mara Stark', 'mstarkg', 'https://robohash.org/explicaboquirerum.png?size=50x50&set=set1', 'PFMEA', 'mstarkg@sfgate.com', '875-234-6548', 4, NOW(), NOW());
insert into users (id, googleid, username, nickname, avatar, bio, email, phone, rating, createdAt, updatedAt) values (18, '1LUh3mi5KQuPWyhUsErvundjHfziXS4AtY', 'Abbey Levane', 'alevaneh', 'https://robohash.org/cumsedaliquam.png?size=50x50&set=set1', 'Newsletters', 'alevaneh@state.tx.us', '550-663-4716', 2, NOW(), NOW());
insert into users (id, googleid, username, nickname, avatar, bio, email, phone, rating, createdAt, updatedAt) values (19, '1CokQUwaNQjqsJiiPbd9RSeBtmRXHrKcVR', 'Diahann Cassie', 'dcassiei', 'https://robohash.org/minusetaspernatur.jpg?size=50x50&set=set1', 'Wholesale', 'dcassiei@ebay.com', '600-881-1968', 1, NOW(), NOW());
insert into users (id, googleid, username, nickname, avatar, bio, email, phone, rating, createdAt, updatedAt) values (20, '1BstJxbsZpTuoMTMu5UDWbgNQJCTrEfUWu', 'Conrad Raffels', 'craffelsj', 'https://robohash.org/teneturestest.bmp?size=50x50&set=set1', 'Backbone.js', 'craffelsj@admin.ch', '878-652-8273', 5, NOW(), NOW());
INSERT INTO users (id, googleId, username, nickname, avatar, bio, email, phone, rating, createdAt, updatedAt) VALUES (21, "111953930250628635331", "cainwatson", "Cain", "https://lh3.googleusercontent.com/-4nuxFupHIww/AAAAAAAAAAI/AAAAAAAAADY/GO0evWqwDeQ/s96-c/photo.jpg", "I love taylor Swift!!!! <3", "cainwatson@gmail.com", "444-5555", 5, NOW(), NOW()); 
INSERT INTO users (id, googleId, username, nickname, avatar, bio, email, phone, rating, createdAt, updatedAt) VALUES (22, "107952859027055542447", "taylor", "tay", "https://lh3.googleusercontent.com/-9AiqmkZ7XRw/AAAAAAAAAAI/AAAAAAAAGmo/w_c6YFX6q2o/s120/photo.jpg", "Party Girl Tay", "lasha.tay@gmail.com", "444-4444", 5, NOW(), NOW());
INSERT INTO users (id, googleId, username, nickname, avatar, bio, email, phone, rating, createdAt, updatedAt) VALUES (23, "113782251914156367493", "Eric", "Trap Money Benny", "https://m.media-amazon.com/images/M/MV5BMTM3NjU2NTY0NF5BMl5BanBnXkFtZTcwNDI0NjgyMQ@@._V1_UY317_CR26,0,214,317_AL_.jpg", "KEEKEE", "ejeric23@gmail.com", "444-2222", 5, NOW(), NOW());

-- FRIENDS
DELETE FROM friends;

INSERT INTO friends (user1_id, user2_id, createdAt, updatedAt) VALUES (23, 22, NOW(), NOW());
INSERT INTO friends (user1_id, user2_id, createdAt, updatedAt) VALUES (22, 21, NOW(), NOW());
INSERT INTO friends (user1_id, user2_id, createdAt, updatedAt) VALUES (23, 21, NOW(), NOW());

-- FRIEND REQUESTS
DELETE FROM friend_requests;

INSERT INTO friend_requests (from_user_id, to_user_id, createdAt, updatedAt) VALUES (4, 23, NOW(), NOW());
INSERT INTO friend_requests (from_user_id, to_user_id, createdAt, updatedAt) VALUES (5, 22, NOW(), NOW());
INSERT INTO friend_requests (from_user_id, to_user_id, createdAt, updatedAt) VALUES (1, 21, NOW(), NOW());
INSERT INTO friend_requests (from_user_id, to_user_id, createdAt, updatedAt) VALUES (2, 21, NOW(), NOW());
INSERT INTO friend_requests (from_user_id, to_user_id, createdAt, updatedAt) VALUES (3, 22, NOW(), NOW());
INSERT INTO friend_requests (from_user_id, to_user_id, createdAt, updatedAt) VALUES (4, 23, NOW(), NOW());
INSERT INTO friend_requests (from_user_id, to_user_id, createdAt, updatedAt) VALUES (1, 22, NOW(), NOW());
INSERT INTO friend_requests (from_user_id, to_user_id, createdAt, updatedAt) VALUES (2, 23, NOW(), NOW());
INSERT INTO friend_requests (from_user_id, to_user_id, createdAt, updatedAt) VALUES (9, 23, NOW(), NOW());
INSERT INTO friend_requests (from_user_id, to_user_id, createdAt, updatedAt) VALUES (10, 22, NOW(), NOW());
INSERT INTO friend_requests (from_user_id, to_user_id, createdAt, updatedAt) VALUES (11, 21, NOW(), NOW());

-- PARTIES
DELETE FROM parties;

INSERT INTO parties (id, name, rating, is_private, location, longitude, latitude, start_date, end_date, createdAt, updatedAt) VALUES (1, "Cain's Jamsesh", 0, false, "748 Camp St.", "29.945961", "-90.070023", NOW(), NOW(), NOW(), NOW());
INSERT INTO parties (id, name, rating, is_private, location, longitude, latitude, start_date, end_date, createdAt, updatedAt) VALUES (2, "Sasha's Foam Party", 0, true, "748 Camp St.", "29.945961", "-90.070023", NOW(), NOW(), NOW(), NOW());
INSERT INTO parties (id, name, rating, is_private, location, longitude, latitude, start_date, end_date, createdAt, updatedAt) VALUES (3, "Johnson Family Reunion", 3, true, "748 Camp St.", "29.945961", "-90.070023", NOW(), NOW(), NOW(), NOW());
INSERT INTO parties (id, name, rating, is_private, location, longitude, latitude, start_date, end_date, createdAt, updatedAt) VALUES (4, "Taylor's Fiesta", 1, false, "748 Camp St.", "29.945961", "-90.070023", NOW(), NOW(), NOW(), NOW());
INSERT INTO parties (id, name, rating, is_private, location, longitude, latitude, start_date, end_date, createdAt, updatedAt) VALUES (5, "Eric's Birthday", 0, false, "748 Camp St.", "29.945961", "-90.070023", NOW(), NOW(), NOW(), NOW());
INSERT INTO parties (id, name, rating, is_private, location, longitude, latitude, start_date, end_date, createdAt, updatedAt) VALUES (6, "Harold's Cookout", 3, false, "748 Camp St.", "29.945961", "-90.070023", NOW(), NOW(), NOW(), NOW());
INSERT INTO parties (id, name, rating, is_private, location, longitude, latitude, start_date, end_date, createdAt, updatedAt) VALUES (7, "Watson Family Vacation", 4, true, "748 Camp St.", "29.945961", "-90.070023", NOW(), NOW(), NOW(), NOW());
INSERT INTO parties (id, name, rating, is_private, location, longitude, latitude, start_date, end_date, createdAt, updatedAt) VALUES (8, "Car Convention", 2, false, "748 Camp St.", "29.945961", "-90.070023", NOW(), NOW(), NOW(), NOW());
INSERT INTO parties (id, name, rating, is_private, location, longitude, latitude, start_date, end_date, createdAt, updatedAt) VALUES (9, "Javascript Summit", 5, false, "748 Camp St.", "29.945961", "-90.070023", NOW(), NOW(), NOW(), NOW());
INSERT INTO parties (id, name, rating, is_private, location, longitude, latitude, start_date, end_date, createdAt, updatedAt) VALUES (10, "Nola Film Festival", 5, false, "748 Camp St.", "29.945961", "-90.070023", NOW(), NOW(), NOW(), NOW());
INSERT INTO parties (id, name, rating, is_private, location, longitude, latitude, start_date, end_date, createdAt, updatedAt) VALUES (11, "Company Retreat", 3, false, "748 Camp St.", "29.945961", "-90.070023", NOW(), NOW(), NOW(), NOW());
INSERT INTO parties (id, name, rating, is_private, location, longitude, latitude, start_date, end_date, createdAt, updatedAt) VALUES (12, "Abbey's Glow Party", 2, false, "748 Camp St.", "29.945961", "-90.070023", NOW(), NOW(), NOW(), NOW());
INSERT INTO parties (id, name, rating, is_private, location, longitude, latitude, start_date, end_date, createdAt, updatedAt) VALUES (13, "Software Engineer Conference", 4, false, "748 Camp St.", "29.945961", "-90.070023", NOW(), NOW(), NOW(), NOW());


-- GROUP USERS
DELETE FROM group_users;

INSERT INTO group_users (id, user_id, party_id, is_host, createdAt, updatedAt) VALUES (1, 23, 1, false, NOW(), NOW());
INSERT INTO group_users (id, user_id, party_id, is_host, createdAt, updatedAt) VALUES (2, 21, 2, false, NOW(), NOW());
INSERT INTO group_users (id, user_id, party_id, is_host, createdAt, updatedAt) VALUES (3, 22, 1, true, NOW(), NOW());
INSERT INTO group_users (id, user_id, party_id, is_host, createdAt, updatedAt) VALUES (4, 22, 3, false, NOW(), NOW());
INSERT INTO group_users (id, user_id, party_id, is_host, createdAt, updatedAt) VALUES (5, 21, 1, true, NOW(), NOW());
INSERT INTO group_users (id, user_id, party_id, is_host, createdAt, updatedAt) VALUES (6, 22, 2, false, NOW(), NOW());
INSERT INTO group_users (id, user_id, party_id, is_host, createdAt, updatedAt) VALUES (7, 22, 5, false, NOW(), NOW());
INSERT INTO group_users (id, user_id, party_id, is_host, createdAt, updatedAt) VALUES (8, 22, 4, true, NOW(), NOW());
INSERT INTO group_users (id, user_id, party_id, is_host, createdAt, updatedAt) VALUES (9, 23, 5, true, NOW(), NOW());
INSERT INTO group_users (id, user_id, party_id, is_host, createdAt, updatedAt) VALUES (10, 21, 9, false, NOW(), NOW());
INSERT INTO group_users (id, user_id, party_id, is_host, createdAt, updatedAt) VALUES (10, 22, 9, false, NOW(), NOW());
INSERT INTO group_users (id, user_id, party_id, is_host, createdAt, updatedAt) VALUES (10, 23, 9, false, NOW(), NOW());
INSERT INTO group_users (id, user_id, party_id, is_host, createdAt, updatedAt) VALUES (10, 21, 13, false, NOW(), NOW());
INSERT INTO group_users (id, user_id, party_id, is_host, createdAt, updatedAt) VALUES (10, 23, 13, false, NOW(), NOW());
INSERT INTO group_users (id, user_id, party_id, is_host, createdAt, updatedAt) VALUES (10, 22, 13, false, NOW(), NOW());
INSERT INTO group_users (id, user_id, party_id, is_host, createdAt, updatedAt) VALUES (10, 21, 10, false, NOW(), NOW());
INSERT INTO group_users (id, user_id, party_id, is_host, createdAt, updatedAt) VALUES (10, 23, 10, false, NOW(), NOW());
INSERT INTO group_users (id, user_id, party_id, is_host, createdAt, updatedAt) VALUES (10, 22, 10, false, NOW(), NOW());
INSERT INTO group_users (id, user_id, party_id, is_host, createdAt, updatedAt) VALUES (10, 21, 11, false, NOW(), NOW());
INSERT INTO group_users (id, user_id, party_id, is_host, createdAt, updatedAt) VALUES (7, 22, 18, false, NOW(), NOW());


-- MESSAGES
DELETE FROM messages;

INSERT INTO messages (id, user_id, text, createdAt, updatedAt) VALUES (1, 21, "You guys ready to pawtay?", NOW(), NOW());
INSERT INTO messages (id, user_id, text, createdAt, updatedAt) VALUES (2, 22, "...Because I am!", NOW(), NOW());

-- GROUP MESSAGES
DELETE FROM group_messages;

INSERT INTO group_messages (message_id, party_id, createdAt, updatedAt) VALUES (1, 1, NOW(), NOW());
INSERT INTO group_messages (message_id, party_id, createdAt, updatedAt) VALUES (2, 1, NOW(), NOW());
